Workbook

Sheet readme
B2: Goal:
B3: I extrapolated the domestic assets provided by domestic credit institutions with OLS regression, see R code C_Properties/C1.Bank_crisis.R, to get data from 1970s
B4: I exported the estimated series in the excel Assets_extrapolated.xlsx
B6: Sources:
B7: 1) ie_table_a-4_credit_institutions_-_aggregate_balance_sheet
B8: Public data Link: https://www.centralbank.ie/docs/default-source/statistics/data-and-analysis/credit-and-banking-statistics/bank-balance-sheets/bank-balance-sheets-data/ie_table_a-4_credit_institutions_-_aggregate_balance_sheet.xlsx?sfvrsn=2d49f1d_52
B9: 2) Total Assets with Residency Breakdown_1992 to 2002.xlsx
B10: Source: Stats CBI
B12: Method:
B13: I bring Total Assets in the STATS data sheet all together in 1 column
B14: I take the total assets issued by Irish residents: Calculated Total, this is more than the sum of the three groups:
B15: Other Credit Institutions - Aggregate Balance Sheet
... B22: Farah Mugrabi

Sheet table_a-4_credit_institution
B1: Total Assets | C1: Total Irish Resident Assets | D1: Total Non-Resident Assets | F1: Source: ie_table_a-4_credit_institutions_-_aggregate_balance_sheet.xlsx
A2: 37622 | B2: 477233 | C2: =B2-D2 -> 200747 | D2: 276486 | F2: Public data Link: https://www.centralbank.ie/docs/default-source/statistics/data-and-analysis/credit-and-banking-statistics/bank-balance-sheets/bank-balance-sheets-data/ie_table_a-4_credit_institutions_-_aggregate_balance_sheet.xlsx?sfvrsn=2d49f1d_52
A3: 37653 | B3: 494064 | C3: =B3-D3 -> 204936 | D3: 289128
A4: 37681 | B4: 494554 | C4: =B4-D4 -> 202908 | D4: 291646
A5: 37712 | B5: 499978 | C5: =B5-D5 -> 204636 | D5: 295342
A6: 37742 | B6: 511965 | C6: =B6-D6 -> 207636 | D6: 304329
A7: 37773 | B7: 519461 | C7: =B7-D7 -> 204971 | D7: 314490
A8: 37803 | B8: 529687 | C8: =B8-D8 -> 211924 | D8: 317763
A9: 37834 | B9: 539354 | C9: =B9-D9 -> 218217 | D9: 321137
A10: 37865 | B10: 554939 | C10: =B10-D10 -> 221116 | D10: 333823
A11: 37895 | B11: 558226 | C11: =B11-D11 -> 225027 | D11: 333199
A12: 37926 | B12: 560042 | C12: =B12-D12 -> 226393 | D12: 333649
A13: 37956 | B13: 575168 | C13: =B13-D13 -> 231931 | D13: 343237
A14: 37987 | B14: 584048 | C14: =B14-D14 -> 229600 | D14: 354448
... A266: 45658 | B266: 935019 | C266: =B266-D266 -> 353337 | D266: 581682

Sheet STATS_data
A1: Date | B1: Total Assets | C1: Total Irish Resident Assets | D1: Total Non-Resident Assets | G1: Source: Total Assets with Residency Breakdown_1992 to 2002.xlsx
A2: 33604 | B2: 54689 | C2: 44894 | D2: 9795
A3: 33635 | B3: 56370 | C3: 45623 | D3: 10747
A4: 33664 | B4: 56466 | C4: 46120 | D4: 10346
A5: 33695 | B5: 57656 | C5: 46405 | D5: 11251
A6: 33725 | B6: 57916 | C6: 46630 | D6: 11286
A7: 33756 | B7: 57443 | C7: 46345 | D7: 11098
A8: 33786 | B8: 58750 | C8: 46842 | D8: 11908
A9: 33817 | B9: 59355 | C9: 47382 | D9: 11973
A10: 33848 | B10: 61695 | C10: 48552 | D10: 13143
A11: 33878 | B11: 64281 | C11: 50061 | D11: 14220
A12: 33909 | B12: 65032 | C12: 50040 | D12: 14992
A13: 33939 | B13: 64595 | C13: 49977 | D13: 14618
... A133: 37591 | B133: 474629 | C133: 197097 | D133: 277532

Sheet Merging_STAT_Tab4
A1: Date | B1: Table4 | C1: Realized
A2: =STATS_data!A2 -> 33604 | C2: =STATS_data!C2 -> 44894
A3: =STATS_data!A3 -> 33635 | C3: =STATS_data!C3 -> 45623
A4: =STATS_data!A4 -> 33664 | C4: =STATS_data!C4 -> 46120
A5: =STATS_data!A5 -> 33695 | C5: =STATS_data!C5 -> 46405
A6: =STATS_data!A6 -> 33725 | C6: =STATS_data!C6 -> 46630
A7: =STATS_data!A7 -> 33756 | C7: =STATS_data!C7 -> 46345
A8: =STATS_data!A8 -> 33786 | C8: =STATS_data!C8 -> 46842
A9: =STATS_data!A9 -> 33817 | C9: =STATS_data!C9 -> 47382
A10: =STATS_data!A10 -> 33848 | C10: =STATS_data!C10 -> 48552
A11: =STATS_data!A11 -> 33878 | C11: =STATS_data!C11 -> 50061
A12: =STATS_data!A12 -> 33909 | C12: =STATS_data!C12 -> 50040
A13: =STATS_data!A13 -> 33939 | C13: =STATS_data!C13 -> 49977
... A133: =STATS_data!A133 -> 37591 | C133: =STATS_data!C133 -> 197097
A134: ='table_a-4_credit_institution'!A2 -> 37622 | B134: ='table_a-4_credit_institution'!C2 -> 200747 | C134: =B134 -> 200747
A135: ='table_a-4_credit_institution'!A3 -> 37653 | B135: ='table_a-4_credit_institution'!C3 -> 204936 | C135: =B135 -> 204936
A136: ='table_a-4_credit_institution'!A4 -> 37681 | B136: ='table_a-4_credit_institution'!C4 -> 202908 | C136: =B136 -> 202908
A137: ='table_a-4_credit_institution'!A5 -> 37712 | B137: ='table_a-4_credit_institution'!C5 -> 204636 | C137: =B137 -> 204636
A138: ='table_a-4_credit_institution'!A6 -> 37742 | B138: ='table_a-4_credit_institution'!C6 -> 207636 | C138: =B138 -> 207636
A139: ='table_a-4_credit_institution'!A7 -> 37773 | B139: ='table_a-4_credit_institution'!C7 -> 204971 | C139: =B139 -> 204971
A140: ='table_a-4_credit_institution'!A8 -> 37803 | B140: ='table_a-4_credit_institution'!C8 -> 211924 | C140: =B140 -> 211924
A141: ='table_a-4_credit_institution'!A9 -> 37834 | B141: ='table_a-4_credit_institution'!C9 -> 218217 | C141: =B141 -> 218217
A142: ='table_a-4_credit_institution'!A10 -> 37865 | B142: ='table_a-4_credit_institution'!C10 -> 221116 | C142: =B142 -> 221116
A143: ='table_a-4_credit_institution'!A11 -> 37895 | B143: ='table_a-4_credit_institution'!C11 -> 225027 | C143: =B143 -> 225027
A144: ='table_a-4_credit_institution'!A12 -> 37926 | B144: ='table_a-4_credit_institution'!C12 -> 226393 | C144: =B144 -> 226393
A145: ='table_a-4_credit_institution'!A13 -> 37956 | B145: ='table_a-4_credit_institution'!C13 -> 231931 | C145: =B145 -> 231931
... A221: ='table_a-4_credit_institution'!A89 -> 40269 | B221: ='table_a-4_credit_institution'!C89 -> 618089 | C221: =B221 -> 618089
